{
    "accuracy": 0.6715932556135473,
    "precision": 0.14654972388509907,
    "recall": 0.6360523665659618,
    "f1_score": 0.23821377385532172,
    "roc_auc": 0.7119729720766009,
    "average_precision": 0.19087101698502262
}